ID_hecho,Fecha,Rol,Vehículo_Víctima,Sexo,Edad,Fecha_Fallecimiento
2016-0001,2016-01-01,Conductor,Moto,Masculino,19,2016-01-01
2016-0002,2016-01-02,Conductor,Auto,Masculino,70,2016-01-02
2016-0003,2016-01-03,Conductor,Moto,Masculino,30,2016-01-03
2016-0004,2016-01-10,Conductor,Moto,Masculino,18,
2016-0005,2016-01-21,Conductor,Moto,Masculino,29,2016-02-01
2016-0008,2016-01-24,Conductor,Moto,Masculino,30,2016-01-24
2016-0009,2016-01-24,Pasajero_Acompañante,Moto,Masculino,29,2016-01-26
2016-0010,2016-01-29,Conductor,Moto,Masculino,18,2016-01-29
2016-0012,2016-02-08,Conductor,Moto,Masculino,22,2016-02-08
2016-0013,2016-02-10,Peaton,Peaton,Masculino,16,2016-02-10
2016-0015,2016-02-14,Peaton,Peaton,Femenino,16,2016-02-14
2016-0016,2016-02-14,Pasajero_Acompañante,Moto,Femenino,19,2016-02-14
2016-0017,2016-02-15,Peaton,Peaton,Masculino,59,2016-02-16
2016-0019,2016-02-17,Peaton,Peaton,Femenino,65,2016-02-17
2016-0020,2016-02-17,Peaton,Peaton,Masculino,59,2016-03-02
2016-0021,2016-02-17,Conductor,Auto,Masculino,34,2016-02-17
2016-0022,2016-02-21,Pasajero_Acompañante,Moto,Masculino,41,
2016-0025,2016-02-28,Pasajero_Acompañante,Auto,Masculino,34,2016-02-28
2016-0026,2016-02-28,Conductor,Auto,Masculino,30,2016-03-04
2016-0027,2016-02-28,Pasajero_Acompañante,Auto,Masculino,34,
2016-0028,2016-03-02,Peaton,Peaton,Masculino,50,2016-03-02
2016-0029,2016-03-04,Peaton,Peaton,Masculino,38,2016-03-04
2016-0031,2016-03-08,Conductor,Moto,Masculino,21,
2016-0034,2016-03-12,Peaton,Peaton,Masculino,52,2016-03-12
2016-0035,2016-03-13,Conductor,Moto,Masculino,34,2016-03-13
2016-0036,2016-03-14,Pasajero_Acompañante,Moto,Masculino,36,2016-03-14
2016-0037,2016-03-19,Conductor,Moto,Masculino,20,2016-03-19
2016-0038,2016-03-21,Peaton,Peaton,Masculino,29,2016-03-21
2016-0039,2016-03-23,Conductor,Moto,Masculino,20,2016-03-23
2016-0041,2016-03-29,Conductor,Moto,Masculino,54,2016-03-29
2016-0041,2016-03-29,Pasajero_Acompañante,Moto,Masculino,SD,2016-03-30
2016-0043,2016-03-30,Peaton,Peaton,Femenino,56,2016-03-30
2016-0044,2016-03-31,Conductor,Moto,Masculino,24,2016-03-31
2016-0045,2016-04-11,Conductor,Moto,Masculino,SD,
2016-0047,2016-04-15,Peaton,Peaton,Masculino,41,2016-04-15
2016-0048,2016-04-15,Peaton,Peaton,Femenino,SD,
2016-0049,2016-04-17,Sd,Sd,Sd,SD,
2016-0050,2016-04-19,Peaton,Peaton,Masculino,78,2016-04-19
2016-0051,2016-04-20,Conductor,Moto,Masculino,36,2016-04-20
2016-0052,2016-04-20,Sd,Moto,Sd,SD,
2016-0053,2016-04-22,Peaton,Peaton,Masculino,38,2016-04-22
2016-0054,2016-04-23,Conductor,Moto,Masculino,30,2016-04-25
2016-0055,2016-04-25,Peaton,Peaton,Masculino,79,2016-04-28
2016-0056,2016-04-26,Conductor,Moto,Masculino,26,2016-04-26
2016-0058,2016-05-04,Peaton,Peaton,Femenino,57,2016-05-08
2016-0059,2016-05-08,Peaton,Peaton,Masculino,37,2016-05-26
2016-0064,2016-05-14,Peaton,Peaton,Masculino,20,
2016-0065,2016-05-20,Peaton,Peaton,Masculino,20,2016-05-20
2016-0067,2016-05-21,Pasajero_Acompañante,Moto,Femenino,30,
2016-0068,2016-05-22,Conductor,Moto,Masculino,58,
2016-0069,2016-05-23,Conductor,Auto,Masculino,30,2016-05-23
2016-0073,2016-06-11,Conductor,Moto,Masculino,23,
2016-0074,2016-06-12,Conductor,Auto,Masculino,60,
2016-0075,2016-06-12,Peaton,Peaton,Masculino,42,2016-06-12
2016-0076,2016-06-13,Peaton,Peaton,Femenino,53,2016-06-13
2016-0077,2016-06-13,Peaton,Peaton,Femenino,SD,
2016-0078,2016-06-13,Conductor,Moto,Masculino,30,
2016-0079,2016-06-16,Conductor,Auto,Femenino,51,
2016-0080,2016-06-18,Conductor,Auto,Masculino,60,
2016-0081,2016-06-22,Conductor,Moto,Masculino,40,
2016-0082,2016-06-27,Peaton,Peaton,Masculino,87,2016-07-05
2016-0083,2016-06-28,Peaton,Peaton,Femenino,76,2016-06-29
2016-0084,2016-06-29,Peaton,Peaton,Masculino,57,2016-07-08
2016-0085,2016-06-29,Sd,Moto,Masculino,SD,
2016-0086,2016-06-30,Peaton,Peaton,Masculino,75,2016-07-01
2016-0087,2016-07-03,Conductor,Moto,Masculino,23,2016-07-03
2016-0088,2016-07-11,Peaton,Peaton,Femenino,70,2016-07-14
2016-0089,2016-07-14,Peaton,Peaton,Masculino,35,2016-07-14
2016-0090,2016-07-14,Peaton,Peaton,Masculino,60,2016-07-15
2016-0092,2016-07-15,Conductor,Moto,Masculino,24,2016-07-15
2016-0093,2016-07-17,Conductor,Auto,Masculino,35,2016-07-19
2016-0095,2016-07-23,Conductor,Moto,Masculino,29,2016-07-23
2016-0096,2016-07-25,Conductor,Moto,Masculino,SD,
2016-0097,2016-07-26,Peaton,Peaton,Masculino,80,2016-08-12
2016-0098,2016-07-27,Conductor,Moto,Femenino,43,
2016-0099,2016-07-29,Conductor,Cargas,Masculino,45,
2016-0100,2016-08-03,Conductor,Moto,Masculino,57,2016-08-03
2016-0101,2016-08-07,Sd,Sd,Masculino,67,
2016-0102,2016-08-10,Conductor,Moto,Masculino,29,
2016-0104,2016-08-14,Conductor,Moto,Masculino,21,2016-08-15
2016-0105,2016-08-17,Peaton,Peaton,Masculino,19,2016-08-26
2016-0106,2016-08-19,Peaton,Peaton,Masculino,38,
2016-0107,2016-08-20,Conductor,Moto,Masculino,21,
2016-0109,2016-08-24,Conductor,Auto,Femenino,53,2016-08-24
2016-0110,2016-08-24,Peaton,Peaton,Masculino,57,
2016-0111,2016-08-25,Conductor,Moto,Masculino,27,2016-08-25
2016-0112,2016-08-27,Conductor,Moto,Masculino,24,2016-08-27
2016-0113,2016-08-27,Peaton,Peaton,Femenino,60,
2016-0114,2016-08-31,Ciclista,Bicicleta,Femenino,55,2016-08-31
2016-0115,2016-09-02,Sd,Sd,Masculino,SD,
2016-0116,2016-09-02,Conductor,Moto,Masculino,30,2016-09-02
2016-0117,2016-09-03,Conductor,Auto,Masculino,43,
2016-0118,2016-09-04,Conductor,Auto,Masculino,27,2016-09-04
2016-0119,2016-09-04,Pasajero_Acompañante,Sd,Femenino,SD,
2016-0122,2016-09-13,Ciclista,Bicicleta,Masculino,49,2016-09-13
2016-0123,2016-09-14,Conductor,Moto,Femenino,58,
2016-0124,2016-09-16,Peaton,Peaton,Masculino,67,
2016-0125,2016-09-17,Conductor,Moto,Masculino,30,
2016-0126,2016-09-18,Conductor,Auto,Masculino,37,
2016-0126,2016-09-18,Pasajero_Acompañante,Auto,Masculino,60,
2016-0127,2016-09-24,Peaton,Peaton,Masculino,50,
2016-0128,2016-10-02,Peaton,Peaton,Femenino,81,2016-10-02
2016-0130,2016-10-04,Conductor,Moto,Masculino,29,2016-10-04
2016-0131,2016-10-09,Peaton,Peaton,Masculino,35,
2016-0132,2016-10-10,Pasajero_Acompañante,Auto,Masculino,30,2016-10-10
2016-0133,2016-10-14,Conductor,Moto,Masculino,41,2016-10-25
2016-0134,2016-10-23,Conductor,Moto,Masculino,25,2016-10-23
2016-0135,2016-10-24,Peaton,Peaton,Masculino,29,2016-10-25
2016-0136,2016-10-25,Conductor,Moto,Sd,SD,
2016-0137,2016-10-25,Conductor,Moto,Masculino,30,
2016-0138,2016-10-27,Ciclista,Bicicleta,Femenino,33,
2016-0139,2016-10-28,Pasajero_Acompañante,Moto,Femenino,35,
2016-0140,2016-10-31,Pasajero_Acompañante,Pasajeros,Masculino,20,
2016-0142,2016-11-05,Conductor,Moto,Masculino,46,2016-11-05
2016-0143,2016-11-06,Conductor,Moto,Masculino,35,
2016-0144,2016-11-07,Peaton,Peaton,Masculino,83,
2016-0145,2016-11-07,Conductor,Moto,Masculino,39,2016-11-07
2016-0146,2016-11-09,Peaton,Peaton,Femenino,29,
2016-0147,2016-11-16,Pasajero_Acompañante,Movil,Masculino,55,2016-11-16
2016-0148,2016-11-16,Conductor,Moto,Masculino,SD,
2016-0150,2016-11-18,Pasajero_Acompañante,Cargas,Masculino,41,2016-11-18
2016-0151,2016-11-18,Peaton,Peaton,Sd,SD,
2016-0152,2016-11-23,Conductor,Moto,Masculino,42,2016-11-24
2016-0153,2016-11-25,Peaton,Peaton,Femenino,83,2016-11-25
2016-0154,2016-11-26,Conductor,Moto,Masculino,38,
2016-0155,2016-11-26,Peaton,Peaton,Femenino,29,
2016-0156,2016-11-26,Conductor,Moto,Masculino,23,2016-11-30
2016-0157,2016-12-03,Conductor,Moto,Masculino,23,
2016-0159,2016-12-04,Conductor,Auto,Masculino,23,
2016-0160,2016-12-06,Conductor,Cargas,Masculino,29,2016-12-06
2016-0161,2016-12-06,Peaton,Peaton,Masculino,50,2016-12-06
2016-0162,2016-12-07,Peaton,Peaton,Masculino,38,2017-01-01
2016-0163,2016-12-10,Conductor,Moto,Masculino,23,
2016-0164,2016-12-11,Conductor,Auto,Masculino,29,
2016-0165,2016-12-12,Ciclista,Bicicleta,Masculino,37,
2016-0168,2016-12-13,Conductor,Moto,Masculino,43,2016-12-13
2016-0169,2016-12-15,Conductor,Moto,Masculino,24,2016-12-16
2016-0170,2016-12-19,Pasajero_Acompañante,Moto,Masculino,21,2016-12-19
2016-0171,2016-12-25,Conductor,Moto,Sd,SD,
2016-0172,2016-12-26,Conductor,Moto,Masculino,38,2016-12-26
2016-0173,2016-12-26,Conductor,Moto,Masculino,35,
2016-0174,2016-12-27,Sd,Sd,Sd,SD,
2016-0175,2016-12-27,Peaton,Peaton,Femenino,SD,
2016-0176,2016-12-28,Conductor,Moto,Masculino,28,
2016-0177,2016-12-29,Peaton,Peaton,Femenino,27,
2016-0178,2016-12-30,Peaton,Peaton,Femenino,7,
2017-0001,2017-01-02,Conductor,Moto,Masculino,18,2017-01-02
2017-0003,2017-01-05,Pasajero_Acompañante,Cargas,Masculino,33,2017-01-05
2017-0007,2017-01-11,Peaton,Peaton,Masculino,48,2017-01-11
2017-0008,2017-01-16,Conductor,Moto,Masculino,29,2017-01-16
2017-0009,2017-01-16,Conductor,Moto,Masculino,36,2017-01-16
2017-0010,2017-01-16,Conductor,Moto,Masculino,23,2017-01-16
2017-0011,2017-01-22,Pasajero_Acompañante,Moto,Femenino,29,2017-01-22
2017-0012,2017-01-24,Conductor,Moto,Masculino,30,2017-01-24
2017-0013,2017-01-27,Peaton,Peaton,Masculino,4,2017-01-27
2017-0014,2017-01-28,Pasajero_Acompañante,Moto,Femenino,22,2017-01-28
2017-0015,2017-02-02,Peaton,Peaton,Masculino,82,2017-02-21
2017-0016,2017-02-03,Conductor,Moto,Masculino,27,2017-02-04
2017-0017,2017-02-06,Conductor,Moto,Masculino,32,2017-02-06
2017-0018,2017-02-09,Conductor,Moto,Masculino,30,2017-02-09
2017-0021,2017-02-18,Conductor,Moto,Masculino,43,2017-02-18
2017-0024,2017-02-23,Peaton,Peaton,Masculino,39,2017-02-23
2017-0025,2017-02-24,Conductor,Moto,Masculino,23,2017-02-24
2017-0026,2017-02-26,Pasajero_Acompañante,Auto,Femenino,23,2017-02-26
2017-0026,2017-02-26,Conductor,Auto,Masculino,19,2017-02-26
2017-0027,2017-02-26,Peaton,Peaton,Masculino,SD,2017-02-26
2017-0028,2017-02-28,Peaton,Peaton,Masculino,87,2017-02-28
2017-0029,2017-03-07,Sd,Sd,Masculino,34,2017-03-07
2017-0030,2017-03-07,Conductor,Auto,Femenino,27,2017-03-07
2017-0031,2017-03-11,Pasajero_Acompañante,Auto,Masculino,70,2017-03-11
2017-0032,2017-03-12,Pasajero_Acompañante,Auto,Femenino,40,2017-03-12
2017-0033,2017-03-12,Conductor,Auto,Masculino,28,2017-03-12
2017-0034,2017-03-13,Peaton,Peaton,Masculino,43,2017-03-13
2017-0035,2017-03-23,Conductor,Auto,Masculino,28,2017-03-23
2017-0035,2017-03-23,Pasajero_Acompañante,Auto,Masculino,32,2017-03-23
2017-0035,2017-03-23,Pasajero_Acompañante,Auto,Masculino,30,2017-03-23
2017-0036,2017-03-29,Pasajero_Acompañante,Moto,Femenino,SD,2017-03-29
2017-0036,2017-03-29,Conductor,Moto,Masculino,20,2017-03-29
2017-0037,2017-03-31,Conductor,Moto,Masculino,41,2017-03-31
2017-0038,2017-04-01,Conductor,Moto,Femenino,40,2017-04-01
2017-0040,2017-04-03,Conductor,Auto,Masculino,43,2017-04-03
2017-0041,2017-04-03,Conductor,Moto,Masculino,17,
2017-0042,2017-04-10,Conductor,Moto,Masculino,SD,2017-04-10
2017-0045,2017-04-14,Conductor,Moto,Masculino,21,2017-04-14
2017-0047,2017-04-23,Conductor,Moto,Masculino,37,2017-04-23
2017-0049,2017-04-27,Peaton,Peaton,Masculino,22,2017-04-27
2017-0050,2017-04-28,Conductor,Moto,Masculino,46,2017-04-28
2017-0050,2017-04-28,Pasajero_Acompañante,Moto,Masculino,16,2017-04-28
2017-0051,2017-05-01,Conductor,Auto,Masculino,33,2017-05-01
2017-0052,2017-05-05,Peaton,Peaton,Femenino,47,2017-05-05
2017-0053,2017-05-05,Conductor,Moto,Masculino,28,2017-05-05
2017-0054,2017-05-07,Pasajero_Acompañante,Moto,Femenino,20,2017-05-07
2017-0055,2017-05-09,Conductor,Auto,Masculino,32,2017-05-09
2017-0058,2017-05-09,Peaton,Peaton,Masculino,80,2017-05-09
2017-0059,2017-05-11,Peaton,Peaton,Femenino,39,2017-05-11
2017-0060,2017-05-13,Pasajero_Acompañante,Moto,Masculino,30,2017-05-13
2017-0061,2017-05-15,Peaton,Peaton,Masculino,47,2017-05-16
2017-0062,2017-05-15,Conductor,Moto,Masculino,35,2017-05-15
2017-0063,2017-05-17,Peaton,Peaton,Femenino,79,2017-05-17
2017-0064,2017-05-20,Pasajero_Acompañante,Cargas,Masculino,61,2017-05-20
2017-0065,2017-05-22,Ciclista,Bicicleta,Masculino,21,2017-05-22
2017-0066,2017-05-22,Peaton,Peaton,Masculino,10,2017-05-22
2017-0067,2017-05-23,Conductor,Moto,Masculino,21,2017-05-23
2017-0068,2017-05-27,Conductor,Moto,Masculino,32,2017-05-27
2017-0069,2017-05-29,Conductor,Moto,Masculino,39,2017-05-29
2017-0070,2017-05-30,Peaton,Peaton,Masculino,80,2017-05-31
2017-0072,2017-06-03,Conductor,Auto,Masculino,25,2017-06-03
2017-0073,2017-06-04,Conductor,Moto,Masculino,19,2017-06-04
2017-0074,2017-06-04,Sd,Sd,Masculino,70,2017-06-04
2017-0075,2017-06-12,Peaton,Peaton,Masculino,55,2017-06-12
2017-0076,2017-06-13,Peaton,Peaton,Femenino,30,2017-06-13
2017-0077,2017-06-17,Conductor,Moto,Femenino,60,2017-06-18
2017-0079,2017-06-19,Conductor,Moto,Masculino,33,2017-06-19
2017-0080,2017-06-22,Peaton,Peaton,Femenino,95,2017-06-22
2017-0082,2017-06-25,Peaton,Peaton,Masculino,36,2017-06-25
2017-0083,2017-07-04,Conductor,Moto,Masculino,37,2017-07-04
2017-0084,2017-07-05,Peaton,Peaton,Femenino,73,2017-07-05
2017-0085,2017-07-07,Peaton,Peaton,Masculino,84,2017-07-07
2017-0086,2017-07-09,Peaton,Peaton,Femenino,30,2017-07-09
2017-0087,2017-07-10,Peaton,Peaton,Femenino,73,2017-07-10
2017-0088,2017-07-10,Peaton,Peaton,Masculino,43,2017-07-10
2017-0089,2017-07-13,Sd,Sd,Masculino,23,
2017-0090,2017-07-15,Peaton,Peaton,Masculino,22,2017-07-15
2017-0091,2017-07-15,Conductor,Moto,Masculino,58,2017-07-15
2017-0092,2017-07-24,Peaton,Peaton,Masculino,66,2017-07-24
2017-0093,2017-07-25,Peaton,Peaton,Masculino,SD,2017-07-25
2017-0094,2017-07-27,Ciclista,Bicicleta,Femenino,56,2017-07-27
2017-0095,2017-08-06,Conductor,Moto,Masculino,36,2017-08-06
2017-0096,2017-08-07,Peaton,Peaton,Masculino,87,2017-08-07
2017-0098,2017-08-08,Peaton,Peaton,Femenino,61,2017-08-08
2017-0099,2017-08-17,Ciclista,Bicicleta,Masculino,28,2017-08-17
2017-0100,2017-08-21,Pasajero_Acompañante,Moto,Femenino,16,2017-08-21
2017-0101,2017-08-23,Peaton,Peaton,Femenino,61,2017-08-23
2017-0102,2017-08-24,Peaton,Peaton,Masculino,46,2017-08-24
2017-0104,2017-08-25,Peaton,Peaton,Femenino,18,2017-08-25
2017-0106,2017-08-31,Peaton,Peaton,Femenino,85,2017-08-31
2017-0107,2017-09-01,Conductor,Moto,Masculino,41,2017-09-01
2017-0108,2017-09-02,Pasajero_Acompañante,Auto,Masculino,17,2017-09-02
2017-0108,2017-09-02,Pasajero_Acompañante,Auto,Masculino,10,2017-09-02
2017-0109,2017-09-04,Conductor,Moto,Masculino,21,2017-09-05
2017-0110,2017-09-06,Peaton,Peaton,Masculino,56,2017-09-07
2017-0111,2017-09-07,Peaton,Peaton,Femenino,79,2017-09-07
2017-0112,2017-09-10,Pasajero_Acompañante,Auto,Masculino,1,
2017-0112,2017-09-10,Pasajero_Acompañante,Auto,Masculino,SD,2017-09-13
2017-0113,2017-09-11,Peaton,Peaton,Femenino,76,2017-09-11
2017-0114,2017-09-15,Conductor,Auto,Masculino,26,2017-09-15
2017-0115,2017-09-19,Conductor,Moto,Masculino,34,
2017-0116,2017-09-20,Conductor,Moto,Masculino,22,2017-09-20
2017-0118,2017-09-22,Pasajero_Acompañante,Moto,Femenino,26,2017-09-29
2017-0120,2017-10-02,Conductor,Moto,Masculino,20,2017-10-02
2017-0123,2017-10-10,Peaton,Peaton,Femenino,36,2017-10-10
2017-0124,2017-10-12,Conductor,Moto,Masculino,51,2017-10-12
2017-0125,2017-10-13,Conductor,Moto,Masculino,29,2017-10-13
2017-0126,2017-10-14,Pasajero_Acompañante,Auto,Masculino,39,
2017-0126,2017-10-14,Conductor,Auto,Masculino,36,2017-10-14
2017-0127,2017-10-16,Pasajero_Acompañante,Moto,Masculino,24,2017-10-16
2017-0128,2017-10-17,Peaton,Peaton,Femenino,60,2017-10-17
2017-0129,2017-10-26,Conductor,Moto,Masculino,57,2017-10-26
2017-0130,2017-10-27,Conductor,Auto,Masculino,23,2017-10-27
2017-0132,2017-10-30,Conductor,Moto,Masculino,23,2017-10-30
2017-0134,2017-11-06,Peaton,Peaton,Femenino,47,2017-11-06
2017-0135,2017-11-07,Conductor,Moto,Masculino,24,2017-11-07
2017-0136,2017-11-16,Peaton,Peaton,Masculino,55,2017-11-16
2017-0137,2017-11-17,Peaton,Peaton,Femenino,60,2017-11-17
2017-0138,2017-11-19,Pasajero_Acompañante,Moto,Masculino,25,2017-11-19
2017-0139,2017-11-19,Pasajero_Acompañante,Auto,Femenino,15,2017-11-19
2017-0140,2017-11-19,Conductor,Moto,Masculino,24,2017-11-19
2017-0141,2017-11-23,Peaton,Peaton,Femenino,22,2017-11-23
2017-0143,2017-11-25,Conductor,Auto,Masculino,50,2017-11-25
2017-0144,2017-11-26,Pasajero_Acompañante,Auto,Femenino,50,2017-11-26
2017-0145,2017-11-26,Conductor,Moto,Masculino,58,2017-11-26
2017-0147,2017-11-28,Conductor,Moto,Masculino,49,2017-11-28
2017-0148,2017-11-29,Peaton,Peaton,Femenino,82,2017-11-29
2017-0149,2017-11-30,Peaton,Peaton,Masculino,13,2017-11-30
2017-0150,2017-12-04,Peaton,Peaton,Masculino,56,2017-12-04
2017-0151,2017-12-04,Peaton,Peaton,Masculino,SD,2017-12-04
2017-0152,2017-12-06,Ciclista,Bicicleta,Masculino,19,2017-12-06
2017-0153,2017-12-11,Pasajero_Acompañante,Moto,Masculino,SD,2017-12-12
2017-0153,2017-12-11,Conductor,Moto,Masculino,30,2017-12-12
2017-0154,2017-12-11,Peaton,Peaton,Masculino,76,2017-12-11
2017-0155,2017-12-12,Sd,Sd,Masculino,77,
2017-0157,2017-12-17,Conductor,Auto,Masculino,53,2017-12-17
2017-0158,2017-12-18,Conductor,Moto,Masculino,32,2017-12-18
2017-0159,2017-12-20,Conductor,Moto,Masculino,27,2017-12-20
2017-0160,2017-12-22,Peaton,Peaton,Femenino,30,2017-12-22
2017-0161,2017-12-26,Peaton,Peaton,Femenino,30,2017-12-26
2018-0001,2018-01-01,Peaton,Peaton,Masculino,83,2018-01-02
2018-0002,2018-01-03,Ciclista,Bicicleta,Femenino,26,2018-01-03
2018-0003,2018-01-05,Peaton,Peaton,Femenino,58,2018-01-05
2018-0004,2018-01-09,Conductor,Moto,Masculino,39,2018-01-09
2018-0005,2018-01-09,Peaton,Peaton,Masculino,54,2018-01-09
2018-0006,2018-01-10,Ciclista,Bicicleta,Femenino,45,2018-01-10
2018-0007,2018-01-11,Conductor,Auto,Masculino,46,2018-01-11
2018-0008,2018-01-12,Conductor,Moto,Femenino,32,2018-01-12
2018-0009,2018-01-14,Conductor,Moto,Masculino,19,2018-01-14
2018-0010,2018-01-18,Conductor,Moto,Masculino,40,2018-01-18
2018-0011,2018-01-19,Peaton,Peaton,Masculino,84,2018-01-19
2018-0012,2018-01-26,Conductor,Moto,Masculino,20,2018-01-26
2018-0013,2018-01-28,Conductor,Moto,Masculino,44,2018-01-28
2018-0014,2018-01-31,Peaton,Peaton,Masculino,SD,2018-02-04
2018-0015,2018-02-06,Conductor,Moto,Masculino,28,2018-02-06
2018-0015,2018-02-06,Pasajero_Acompañante,Moto,Masculino,19,2018-02-06
2018-0016,2018-02-15,Conductor,Moto,Masculino,31,2018-02-15
2018-0017,2018-02-17,Peaton,Peaton,Masculino,35,2018-02-20
2018-0018,2018-02-17,Conductor,Moto,Masculino,26,2018-02-17
2018-0019,2018-02-17,Peaton,Peaton,Femenino,80,2018-02-17
2018-0020,2018-02-19,Conductor,Moto,Masculino,26,2018-02-19
2018-0021,2018-02-22,Peaton,Peaton,Femenino,62,2018-02-22
2018-0022,2018-02-24,Conductor,Moto,Masculino,28,2018-02-24
2018-0023,2018-02-24,Conductor,Moto,Masculino,28,2018-02-24
2018-0024,2018-02-28,Peaton,Peaton,Masculino,70,2018-02-28
2018-0025,2018-03-04,Peaton,Peaton,Masculino,70,2018-03-05
2018-0026,2018-03-09,Conductor,Movil,Masculino,24,2018-03-09
2018-0026,2018-03-09,Pasajero_Acompañante,Movil,Masculino,30,2018-03-09
2018-0027,2018-03-11,Peaton,Peaton,Femenino,74,2018-03-11
2018-0028,2018-03-13,Peaton,Peaton,Masculino,71,2018-03-13
2018-0029,2018-03-15,Conductor,Moto,Masculino,26,2018-03-15
2018-0030,2018-03-20,Conductor,Moto,Masculino,24,2018-03-20
2018-0031,2018-03-28,Conductor,Moto,Masculino,31,2018-03-28
2018-0032,2018-04-02,Peaton,Peaton,Masculino,70,2018-04-02
2018-0033,2018-04-07,Conductor,Moto,Femenino,42,2018-04-10
2018-0034,2018-04-11,Peaton,Peaton,Masculino,24,2018-04-11
2018-0035,2018-04-12,Peaton,Peaton,Femenino,39,2018-04-12
2018-0036,2018-04-13,Conductor,Moto,Masculino,37,2018-04-15
2018-0037,2018-04-18,Peaton,Peaton,Masculino,84,2018-04-19
2018-0038,2018-04-20,Peaton,Peaton,Femenino,59,2018-04-20
2018-0038,2018-04-20,Peaton,Peaton,Masculino,61,2018-04-20
2018-0039,2018-04-21,Peaton,Peaton,Masculino,37,2018-04-21
2018-0040,2018-04-27,Peaton,Peaton,Femenino,SD,2018-04-27
2018-0041,2018-04-27,Peaton,Peaton,Femenino,78,2018-04-27
2018-0042,2018-04-27,Pasajero_Acompañante,Moto,Masculino,23,2018-04-27
2018-0043,2018-04-28,Conductor,Moto,Masculino,25,2018-04-29
2018-0044,2018-04-28,Peaton,Peaton,Femenino,50,2018-04-28
2018-0045,2018-04-30,Conductor,Auto,Masculino,60,2018-04-30
2018-0046,2018-05-02,Peaton,Peaton,Masculino,11,2018-05-02
2018-0047,2018-05-08,Peaton,Peaton,Masculino,82,2018-05-09
2018-0048,2018-05-09,Peaton,Peaton,Masculino,57,2018-05-16
2018-0049,2018-05-11,Peaton,Peaton,Femenino,40,2018-05-13
2018-0050,2018-05-14,Peaton,Peaton,Femenino,47,2018-05-24
2018-0051,2018-05-15,Peaton,Peaton,Femenino,57,2018-05-15
2018-0052,2018-05-18,Peaton,Peaton,Masculino,78,2018-05-19
2018-0053,2018-05-20,Conductor,Moto,Masculino,43,2018-05-20
2018-0054,2018-05-22,Peaton,Peaton,Femenino,86,2018-05-25
2018-0055,2018-05-29,Conductor,Moto,Masculino,21,2018-05-29
2018-0056,2018-06-02,Peaton,Peaton,Femenino,69,2018-06-04
2018-0057,2018-06-03,Conductor,Moto,Masculino,33,2018-06-04
2018-0058,2018-06-03,Conductor,Moto,Masculino,26,2018-06-13
2018-0059,2018-06-08,Conductor,Moto,Masculino,54,2018-06-08
2018-0060,2018-06-08,Peaton,Peaton,Masculino,51,2018-06-08
2018-0061,2018-06-10,Conductor,Moto,Masculino,51,2018-06-10
2018-0062,2018-06-14,Peaton,Peaton,Masculino,32,2018-06-14
2018-0063,2018-06-16,Peaton,Peaton,Femenino,28,2018-06-17
2018-0064,2018-06-25,Conductor,Auto,Masculino,30,2018-06-25
2018-0065,2018-06-26,Conductor,Moto,Masculino,35,2018-06-26
2018-0066,2018-06-28,Peaton,Peaton,Masculino,73,2018-06-28
2018-0067,2018-06-29,Pasajero_Acompañante,Pasajeros,Femenino,81,2018-07-06
2018-0068,2018-07-01,Conductor,Moto,Masculino,21,2018-07-01
2018-0069,2018-07-04,Ciclista,Bicicleta,Masculino,20,2018-07-04
2018-0070,2018-07-07,Conductor,Moto,Masculino,33,2018-07-07
2018-0071,2018-07-10,Conductor,Moto,Masculino,SD,2018-07-10
2018-0072,2018-07-11,Conductor,Moto,Masculino,27,2018-07-13
2018-0073,2018-07-11,Peaton,Peaton,Femenino,67,2018-07-11
2018-0074,2018-07-14,Conductor,Auto,Masculino,25,2018-07-14
2018-0075,2018-07-15,Peaton,Peaton,Masculino,23,2018-07-15
2018-0076,2018-07-16,Conductor,Auto,Masculino,73,2018-07-16
2018-0077,2018-07-16,Conductor,Auto,Masculino,58,2018-07-17
2018-0078,2018-07-21,Peaton,Peaton,Masculino,27,2018-07-21
2018-0079,2018-07-23,Peaton,Peaton,Masculino,SD,2018-07-23
2018-0080,2018-07-25,Peaton,Peaton,Masculino,26,2018-07-25
2018-0081,2018-07-29,Peaton,Peaton,Masculino,35,2018-07-29
2018-0082,2018-08-01,Conductor,Moto,Femenino,17,2018-08-01
2018-0083,2018-08-02,Conductor,Moto,Masculino,SD,2018-08-02
2018-0084,2018-08-03,Peaton,Peaton,Masculino,45,2018-08-03
2018-0085,2018-08-03,Pasajero_Acompañante,Moto,Femenino,22,2018-08-03
2018-0085,2018-08-03,Conductor,Moto,Masculino,30,2018-08-03
2018-0086,2018-08-10,Peaton,Peaton,Masculino,40,2018-08-10
2018-0087,2018-08-15,Peaton,Peaton,Masculino,75,2018-08-20
2018-0088,2018-08-17,Conductor,Moto,Masculino,SD,2018-08-17
2018-0089,2018-08-17,Peaton,Peaton,Masculino,80,2018-08-17
2018-0090,2018-08-18,Conductor,Moto,Masculino,27,2018-08-18
2018-0091,2018-08-19,Pasajero_Acompañante,Auto,Femenino,23,2018-08-19
2018-0092,2018-08-20,Conductor,Moto,Masculino,23,2018-08-20
2018-0093,2018-08-20,Peaton,Peaton,Masculino,24,2018-08-20
2018-0094,2018-08-23,Conductor,Moto,Masculino,32,2018-08-23
2018-0095,2018-08-26,Pasajero_Acompañante,Auto,Femenino,49,2018-08-26
2018-0096,2018-08-31,Peaton,Peaton,Masculino,39,2018-08-31
2018-0097,2018-09-02,Conductor,Auto,Femenino,35,2018-09-02
2018-0098,2018-09-09,Conductor,Auto,Masculino,55,2018-09-09
2018-0098,2018-09-09,Pasajero_Acompañante,Auto,Masculino,54,2018-09-09
2018-0099,2018-09-12,Peaton,Peaton,Masculino,18,2018-09-13
2018-0100,2018-09-20,Sd,Moto,Femenino,33,2018-09-20
2018-0101,2018-09-21,Conductor,Auto,Masculino,SD,2018-09-21
2018-0102,2018-09-21,Conductor,Moto,Masculino,20,2018-09-21
2018-0103,2018-09-27,Peaton,Peaton,Masculino,1,2018-09-29
2018-0104,2018-10-01,Conductor,Moto,Masculino,22,2018-10-01
2018-0105,2018-10-03,Peaton,Peaton,Femenino,56,2018-10-03
2018-0106,2018-10-04,Conductor,Moto,Masculino,27,2018-10-04
2018-0107,2018-10-06,Peaton,Peaton,Femenino,62,2018-10-06
2018-0108,2018-10-09,Conductor,Moto,Masculino,37,2018-10-10
2018-0109,2018-10-10,Peaton,Peaton,Masculino,34,2018-10-10
2018-0110,2018-10-13,Peaton,Peaton,Masculino,60,2018-10-14
2018-0111,2018-10-19,Conductor,Moto,Masculino,28,2018-10-19
2018-0112,2018-10-24,Conductor,Moto,Femenino,28,2018-10-24
2018-0113,2018-10-25,Conductor,Moto,Masculino,20,2018-10-25
2018-0114,2018-10-30,Conductor,Moto,Masculino,23,2018-10-30
2018-0115,2018-10-31,Peaton,Peaton,Masculino,42,2018-11-01
2018-0116,2018-11-01,Peaton,Peaton,Masculino,48,2018-11-08
2018-0117,2018-11-04,Conductor,Moto,Masculino,30,2018-11-08
2018-0118,2018-11-05,Peaton,Peaton,Femenino,80,2018-11-05
2018-0119,2018-11-05,Peaton,Peaton,Femenino,32,2018-11-06
2018-0120,2018-11-09,Peaton,Peaton,Femenino,51,2018-11-20
2018-0121,2018-11-09,Peaton,Peaton,Femenino,72,2018-11-09
2018-0122,2018-11-12,Conductor,Auto,Masculino,33,2018-11-12
2018-0123,2018-11-12,Conductor,Auto,Masculino,25,2018-11-12
2018-0124,2018-11-15,Conductor,Cargas,Masculino,44,2018-11-15
2018-0125,2018-11-16,Peaton,Peaton,Masculino,29,2018-11-17
2018-0126,2018-11-18,Conductor,Moto,Masculino,27,2018-11-23
2018-0127,2018-11-19,Conductor,Moto,Masculino,29,2018-11-19
2018-0128,2018-11-25,Pasajero_Acompañante,Auto,Masculino,49,2018-11-25
2018-0128,2018-11-25,Pasajero_Acompañante,Auto,Femenino,39,2018-11-25
2018-0129,2018-11-28,Conductor,Moto,Masculino,37,2018-11-30
2018-0130,2018-12-03,Conductor,Moto,Masculino,SD,2018-12-03
2018-0131,2018-12-07,Conductor,Moto,Masculino,29,2018-12-07
2018-0132,2018-12-12,Peaton,Peaton,Masculino,70,2018-12-12
2018-0133,2018-12-12,Peaton,Peaton,Femenino,60,2018-12-12
2018-0134,2018-12-12,Peaton,Peaton,Masculino,56,2018-12-13
2018-0135,2018-12-18,Peaton,Peaton,Masculino,80,2018-12-22
2018-0136,2018-12-18,Peaton,Peaton,Femenino,70,2018-12-18
2018-0137,2018-12-18,Pasajero_Acompañante,Moto,Masculino,29,2018-12-19
2018-0138,2018-12-21,Pasajero_Acompañante,Pasajeros,Femenino,79,2018-12-21
2018-0139,2018-12-22,Pasajero_Acompañante,Moto,Masculino,28,2018-12-24
2018-0140,2018-12-22,Conductor,Auto,Masculino,78,2018-12-22
2018-0141,2018-12-22,Peaton,Peaton,Masculino,75,2018-12-24
2018-0142,2018-12-25,Pasajero_Acompañante,Cargas,Masculino,32,2019-01-01
2018-0143,2018-12-29,Conductor,Moto,Masculino,22,2018-12-29
2019-0001,2019-01-08,Conductor,Moto,Masculino,25,2019-01-08
2019-0002,2019-01-09,Conductor,Auto,Masculino,32,2019-01-09
2019-0003,2019-01-12,Conductor,Moto,Masculino,23,2019-01-12
2019-0004,2019-01-14,Conductor,Auto,Masculino,71,2019-01-14
2019-0005,2019-01-19,Conductor,Moto,Masculino,43,2019-01-19
2019-0006,2019-01-23,Peaton,Peaton,Femenino,12,2019-01-23
2019-0007,2019-01-26,Conductor,Moto,Masculino,35,2019-01-26
2019-0008,2019-01-30,Conductor,Moto,Masculino,42,2019-01-31
2019-0009,2019-01-31,Conductor,Moto,Masculino,34,2019-01-31
2019-0010,2019-02-02,Peaton,Peaton,Masculino,SD,2019-02-02
2019-0010,2019-02-02,Peaton,Peaton,Masculino,59,2019-02-02
2019-0011,2019-02-10,Peaton,Peaton,Masculino,SD,2019-02-10
2019-0012,2019-02-17,Conductor,Moto,Masculino,31,2019-02-20
2019-0013,2019-02-20,Peaton,Peaton,Masculino,39,2019-03-02
2019-0014,2019-02-20,Conductor,Moto,Masculino,69,2019-02-20
2019-0015,2019-02-23,Conductor,Auto,Masculino,21,2019-02-23
2019-0016,2019-02-24,Conductor,Moto,Masculino,40,2019-02-24
2019-0017,2019-03-03,Conductor,Auto,Masculino,22,2019-03-07
2019-0018,2019-03-03,Peaton,Peaton,Femenino,29,2019-03-03
2019-0019,2019-03-06,Conductor,Moto,Masculino,SD,2019-03-26
2019-0020,2019-03-07,Conductor,Moto,Masculino,43,2019-03-07
2019-0021,2019-03-15,Conductor,Moto,Masculino,23,2019-03-16
2019-0022,2019-03-15,Pasajero_Acompañante,Auto,Masculino,SD,2019-03-15
2019-0023,2019-03-16,Conductor,Auto,Masculino,34,2019-03-16
2019-0024,2019-03-19,Conductor,Moto,Masculino,32,2019-03-19
2019-0025,2019-03-22,Peaton,Peaton,Masculino,27,2019-04-04
2019-0026,2019-03-28,Peaton,Peaton,Masculino,SD,2019-03-28
2019-0027,2019-03-28,Ciclista,Bicicleta,Masculino,37,2019-03-28
2019-0028,2019-04-06,Peaton,Peaton,Femenino,SD,2019-04-06
2019-0029,2019-04-07,Conductor,Moto,Masculino,27,2019-04-07
2019-0030,2019-04-09,Conductor,Moto,Masculino,25,2019-04-09
2019-0031,2019-04-12,Ciclista,Bicicleta,Masculino,20,2019-04-12
2019-0032,2019-04-16,Peaton,Peaton,Femenino,83,2019-04-18
2019-0033,2019-04-18,Conductor,Moto,Masculino,25,2019-04-18
2019-0034,2019-04-21,Conductor,Moto,Masculino,SD,2019-04-21
2019-0035,2019-04-23,Peaton,Peaton,Femenino,75,2019-04-23
2019-0036,2019-04-26,Conductor,Moto,Masculino,34,2019-05-02
2019-0037,2019-05-01,Conductor,Moto,Masculino,17,2019-05-01
2019-0038,2019-05-04,Peaton,Peaton,Femenino,42,2019-05-05
2019-0105,2019-05-05,Peaton,Peaton,Femenino,82,2019-05-08
2019-0039,2019-05-09,Conductor,Moto,Masculino,28,2019-05-09
2019-0040,2019-05-09,Conductor,Moto,Masculino,44,2019-05-15
2019-0041,2019-05-11,Pasajero_Acompañante,Auto,Femenino,78,2019-05-11
2019-0042,2019-05-14,Peaton,Peaton,Masculino,39,2019-05-14
2019-0043,2019-05-21,Ciclista,Bicicleta,Femenino,SD,2019-05-21
2019-0044,2019-05-27,Peaton,Peaton,Femenino,77,2019-05-29
2019-0045,2019-06-03,Conductor,Moto,Masculino,33,2019-06-03
2019-0046,2019-06-04,Pasajero_Acompañante,Moto,Femenino,26,2019-06-04
2019-0047,2019-06-06,Peaton,Peaton,Masculino,76,2019-06-06
2019-0048,2019-06-07,Conductor,Moto,Masculino,32,2019-06-07
2019-0049,2019-06-08,Peaton,Peaton,Femenino,72,2019-06-09
2019-0050,2019-06-08,Conductor,Moto,Masculino,21,2019-06-09
2019-0051,2019-06-11,Conductor,Moto,Masculino,41,2019-06-11
2019-0053,2019-06-14,Pasajero_Acompañante,Auto,Masculino,49,2019-06-14
2019-0054,2019-06-20,Conductor,Moto,Masculino,21,2019-06-20
2019-0055,2019-06-20,Conductor,Moto,Masculino,47,2019-06-21
2019-0056,2019-06-29,Peaton,Peaton,Femenino,75,2019-06-29
2019-0057,2019-07-05,Peaton,Peaton,Femenino,63,2019-07-08
2019-0058,2019-07-10,Conductor,Moto,Masculino,39,2019-07-10
2019-0059,2019-07-13,Conductor,Moto,Masculino,30,2019-07-13
2019-0060,2019-07-17,Peaton,Peaton,Femenino,78,2019-07-17
2019-0061,2019-07-17,Peaton,Peaton,Femenino,58,2019-07-17
2019-0062,2019-08-01,Peaton,Peaton,Femenino,60,2019-08-02
2019-0063,2019-08-04,Pasajero_Acompañante,Moto,Masculino,SD,2019-08-04
2019-0064,2019-08-06,Conductor,Moto,Masculino,20,2019-08-06
2019-0065,2019-08-08,Peaton,Peaton,Femenino,55,2019-08-09
2019-0066,2019-08-11,Peaton,Peaton,Masculino,40,2019-08-11
2019-0067,2019-08-14,Conductor,Moto,Masculino,35,2019-08-14
2019-0068,2019-08-14,Conductor,Moto,Masculino,53,2019-08-14
2019-0069,2019-08-17,Conductor,Moto,Masculino,43,2019-08-17
2019-0070,2019-08-22,Conductor,Moto,Masculino,25,2019-08-22
2019-0071,2019-08-27,Peaton,Peaton,Masculino,SD,2019-08-27
2019-0072,2019-08-28,Conductor,Auto,Masculino,22,2019-09-02
2019-0073,2019-08-29,Conductor,Auto,Masculino,29,2019-09-06
2019-0074,2019-08-29,Conductor,Moto,Masculino,35,2019-08-29
2019-0075,2019-08-30,Conductor,Moto,Masculino,31,2019-08-30
2019-0076,2019-09-05,Conductor,Moto,Femenino,29,2019-09-05
2019-0077,2019-09-08,Peaton,Peaton,Femenino,28,2019-09-08
2019-0078,2019-09-12,Peaton,Peaton,Femenino,72,2019-09-15
2019-0079,2019-09-17,Conductor,Moto,Masculino,57,2019-09-17
2019-0080,2019-09-17,Peaton,Peaton,Masculino,76,2019-09-17
2019-0081,2019-09-23,Peaton,Peaton,Masculino,67,2019-10-07
2019-0082,2019-09-25,Ciclista,Bicicleta,Masculino,47,2019-09-25
2019-0083,2019-09-26,Conductor,Auto,Masculino,73,2019-09-26
2019-0084,2019-09-27,Ciclista,Bicicleta,Femenino,40,2019-09-27
2019-0085,2019-10-09,Ciclista,Bicicleta,Masculino,20,2019-10-09
2019-0086,2019-10-15,Conductor,Moto,Masculino,29,2019-10-15
2019-0087,2019-10-21,Conductor,Moto,Masculino,41,2019-10-21
2019-0088,2019-10-22,Peaton,Peaton,Masculino,27,2019-10-22
2019-0089,2019-10-23,Peaton,Peaton,Femenino,92,2019-10-23
2019-0090,2019-10-24,Peaton,Peaton,Masculino,67,2019-10-26
2019-0091,2019-11-01,Peaton,Peaton,Masculino,35,2019-11-01
2019-0092,2019-11-03,Peaton,Peaton,Masculino,37,2019-11-03
2019-0093,2019-11-13,Ciclista,Bicicleta,Masculino,16,2019-11-13
2019-0094,2019-11-18,Pasajero_Acompañante,Moto,Femenino,SD,2019-11-18
2019-0095,2019-11-20,Conductor,Moto,Masculino,SD,2019-11-20
2019-0096,2019-11-22,Peaton,Peaton,Masculino,73,2019-11-22
2019-0097,2019-11-25,Pasajero_Acompañante,Moto,Femenino,23,2019-11-25
2019-0098,2019-11-25,Pasajero_Acompañante,Pasajeros,Femenino,61,2019-11-29
2019-0100,2019-12-05,Conductor,Moto,Masculino,38,2019-12-18
2019-0101,2019-12-17,Conductor,Moto,Masculino,25,2019-12-17
2019-0102,2019-12-17,Conductor,Moto,Masculino,18,2019-12-18
2019-0103,2019-12-18,Conductor,Moto,Masculino,24,2019-12-18
2019-0104,2019-12-21,Pasajero_Acompañante,Moto,Femenino,23,2019-12-22
2020-0001,2020-01-04,Peaton,Peaton,Femenino,87,2020-01-04
2020-0002,2020-01-05,Conductor,Moto,Masculino,36,2020-01-07
2020-0003,2020-01-11,Peaton,Peaton,Masculino,44,2020-01-11
2020-0004,2020-01-14,Peaton,Peaton,Masculino,82,2020-01-15
2020-0005,2020-01-14,Conductor,Moto,Masculino,25,2020-02-10
2020-0006,2020-01-20,Conductor,Moto,Masculino,23,2020-01-20
2020-0007,2020-01-27,Peaton,Peaton,Masculino,52,2020-01-27
2020-0008,2020-01-30,Conductor,Moto,Masculino,49,2020-01-30
2020-0009,2020-02-04,Peaton,Peaton,Masculino,48,2020-02-05
2020-0010,2020-02-08,Conductor,Moto,Masculino,SD,2020-02-08
2020-0011,2020-02-12,Conductor,Moto,Masculino,31,2020-02-12
2020-0012,2020-02-18,Peaton,Peaton,Femenino,66,2020-02-18
2020-0013,2020-02-20,Peaton,Peaton,Femenino,58,2020-03-03
2020-0014,2020-02-27,Conductor,Moto,Masculino,SD,2020-02-27
2020-0015,2020-02-28,Conductor,Moto,Masculino,29,2020-02-28
2020-0016,2020-02-29,Peaton,Peaton,Masculino,68,2020-03-09
2020-0017,2020-03-05,Peaton,Peaton,Masculino,SD,2020-03-05
2020-0018,2020-03-09,Conductor,Moto,Masculino,31,2020-03-09
2020-0019,2020-03-10,Peaton,Peaton,Femenino,80,2020-03-10
2020-0020,2020-03-13,Peaton,Peaton,Femenino,74,2020-03-17
2020-0021,2020-03-14,Peaton,Peaton,Femenino,87,2020-03-14
2020-0022,2020-04-07,Pasajero_Acompañante,Auto,Masculino,44,2020-04-07
2020-0023,2020-04-09,Conductor,Auto,Masculino,44,2020-05-03
2020-0024,2020-04-24,Conductor,Auto,Masculino,53,2020-04-24
2020-0025,2020-05-12,Peaton,Peaton,Masculino,SD,2020-05-12
2020-0026,2020-05-17,Conductor,Moto,Masculino,28,2020-05-17
2020-0027,2020-05-18,Peaton,Peaton,Masculino,76,2020-05-18
2020-0028,2020-05-19,Peaton,Peaton,Masculino,91,2020-05-23
2020-0029,2020-06-10,Peaton,Peaton,Masculino,80,2020-06-12
2020-0030,2020-06-16,Conductor,Moto,Masculino,40,2020-06-16
2020-0031,2020-06-30,Conductor,Moto,Masculino,29,2020-06-30
2020-0032,2020-07-10,Conductor,Moto,Masculino,21,2020-07-10
2020-0033,2020-07-19,Conductor,Auto,Masculino,32,2020-07-19
2020-0034,2020-08-02,Peaton,Peaton,Femenino,SD,2020-08-02
2020-0035,2020-08-04,Conductor,Moto,Masculino,40,2020-08-04
2020-0036,2020-08-07,Peaton,Peaton,Masculino,72,2020-08-22
2020-0037,2020-08-29,Peaton,Peaton,Masculino,38,2020-08-29
2020-0038,2020-08-30,Conductor,Auto,Masculino,46,2020-08-30
2020-0038,2020-08-30,Conductor,Auto,Masculino,64,2020-08-30
2020-0039,2020-09-01,Peaton,Peaton,Masculino,44,2020-09-01
2020-0040,2020-09-12,Conductor,Auto,Masculino,SD,2020-09-12
2020-0041,2020-09-28,Conductor,Moto,Masculino,34,2020-09-28
2020-0042,2020-09-29,Peaton,Peaton,Femenino,53,2020-09-29
2020-0043,2020-09-30,Peaton,Peaton,Masculino,64,2020-09-30
2020-0044,2020-10-05,Conductor,Auto,Masculino,43,2020-10-05
2020-0045,2020-10-19,Conductor,Auto,Masculino,50,2020-10-19
2020-0046,2020-10-27,Conductor,Moto,Masculino,41,2020-10-27
2020-0047,2020-10-27,Peaton,Peaton,Masculino,15,2020-10-27
2020-0048,2020-10-29,Conductor,Moto,Masculino,41,2020-10-29
2020-0049,2020-10-30,Peaton,Peaton,Masculino,36,2020-10-30
2020-0050,2020-11-01,Peaton,Peaton,Femenino,28,2020-11-01
2020-0051,2020-11-05,Conductor,Moto,Masculino,49,2020-11-05
2020-0052,2020-11-07,Ciclista,Bicicleta,Masculino,44,2020-11-07
2020-0053,2020-11-09,Pasajero_Acompañante,Auto,Masculino,27,2020-11-09
2020-0054,2020-11-19,Ciclista,Bicicleta,Masculino,59,2020-11-23
2020-0055,2020-11-19,Peaton,Peaton,Masculino,91,2020-12-11
2020-0056,2020-11-21,Conductor,Moto,Femenino,34,2020-11-21
2020-0057,2020-11-23,Peaton,Peaton,Masculino,84,2020-11-23
2020-0058,2020-11-24,Peaton,Peaton,Masculino,57,2020-11-25
2020-0059,2020-12-01,Peaton,Peaton,Femenino,49,2020-12-14
2020-0060,2020-12-03,Peaton,Peaton,Femenino,69,2020-12-03
2020-0061,2020-12-03,Conductor,Moto,Masculino,45,2020-12-04
2020-0062,2020-12-04,Ciclista,Bicicleta,Masculino,47,2020-12-04
2020-0063,2020-12-05,Peaton,Peaton,Masculino,38,2020-12-05
2020-0063,2020-12-05,Pasajero_Acompañante,Moto,Masculino,21,2020-12-05
2020-0065,2020-12-05,Conductor,Moto,Masculino,24,2020-12-06
2020-0066,2020-12-07,Conductor,Moto,Masculino,27,2020-12-07
2020-0067,2020-12-11,Peaton,Peaton,Masculino,51,2020-12-11
2020-0068,2020-12-12,Conductor,Moto,Masculino,71,2020-12-20
2020-0069,2020-12-15,Pasajero_Acompañante,Moto,Masculino,25,2020-12-15
2020-0070,2020-12-17,Peaton,Peaton,Femenino,81,2020-12-22
2020-0071,2020-12-17,Peaton,Peaton,Masculino,4,2020-12-17
2020-0072,2020-12-19,Ciclista,Bicicleta,Masculino,42,2020-12-19
2020-0073,2020-12-20,Conductor,Moto,Masculino,56,2020-12-20
2020-0074,2020-12-20,Conductor,Auto,Masculino,39,2020-12-20
2020-0075,2020-12-23,Peaton,Peaton,Masculino,23,2020-12-23
2020-0076,2020-12-24,Conductor,Auto,Femenino,78,2021-01-17
2020-0077,2020-12-25,Conductor,Moto,Femenino,30,2020-12-25
2020-0077,2020-12-25,Pasajero_Acompañante,Moto,Femenino,24,2020-12-25
2020-0078,2020-12-25,Ciclista,Bicicleta,Masculino,26,2020-12-25
2020-0079,2020-12-27,Conductor,Moto,Masculino,28,2020-12-27
2021-0001,2021-01-06,Conductor,Moto,Masculino,36,2021-01-06
2021-0002,2021-01-07,Conductor,Moto,Femenino,47,2021-01-07
2021-0003,2021-01-10,Conductor,Moto,Masculino,27,2021-01-10
2021-0004,2021-01-11,Peaton,Peaton,Femenino,61,2021-01-11
2021-0005,2021-01-11,Peaton,Peaton,Masculino,73,2021-01-14
2021-0006,2021-01-12,Pasajero_Acompañante,Moto,Femenino,23,2021-01-12
2021-0007,2021-01-18,Conductor,Moto,Masculino,84,2021-01-26
2021-0008,2021-01-22,Peaton,Peaton,Masculino,28,2021-01-22
2021-0009,2021-01-23,Conductor,Moto,Masculino,31,2021-01-23
2021-0010,2021-01-23,Conductor,Moto,Masculino,28,2021-01-23
2021-0011,2021-01-27,Peaton,Peaton,Masculino,21,2021-01-27
2021-0012,2021-01-29,Peaton,Peaton,Masculino,SD,2021-01-29
2021-0013,2021-01-31,Conductor,Moto,Masculino,41,2021-01-31
2021-0014,2021-02-02,Peaton,Peaton,Masculino,28,2021-02-18
2021-0015,2021-02-06,Conductor,Moto,Masculino,26,2021-02-06
2021-0016,2021-02-14,Conductor,Auto,Masculino,22,2021-02-14
2021-0017,2021-02-17,Conductor,Moto,Masculino,33,2021-02-17
2021-0018,2021-02-20,Peaton,Peaton,Masculino,36,2021-03-08
2021-0019,2021-02-21,Conductor,Moto,Masculino,30,2021-02-21
2021-0020,2021-02-21,Peaton,Peaton,Femenino,SD,2021-02-21
2021-0021,2021-02-26,Conductor,Moto,Masculino,39,2021-03-04
2021-0022,2021-02-28,Pasajero_Acompañante,Pasajeros,Masculino,68,2021-03-06
2021-0023,2021-03-01,Conductor,Moto,Masculino,24,2021-03-01
2021-0024,2021-03-03,Ciclista,Bicicleta,Masculino,5,2021-03-03
2021-0025,2021-03-11,Conductor,Moto,Masculino,37,2021-03-11
2021-0026,2021-03-15,Conductor,Moto,Masculino,36,2021-03-15
2021-0027,2021-03-16,Conductor,Moto,Femenino,19,2021-03-16
2021-0028,2021-03-29,Peaton,Peaton,Masculino,SD,2021-03-29
2021-0029,2021-03-31,Conductor,Auto,Masculino,26,2021-04-02
2021-0030,2021-04-03,Peaton,Peaton,Masculino,36,2021-04-07
2021-0031,2021-04-07,Peaton,Peaton,Femenino,68,2021-04-11
2021-0032,2021-04-10,Peaton,Peaton,Masculino,60,2021-04-29
2021-0033,2021-04-14,Conductor,Auto,Masculino,33,2021-04-14
2021-0034,2021-04-19,Pasajero_Acompañante,Moto,Femenino,26,2021-04-19
2021-0035,2021-05-03,Conductor,Moto,Masculino,24,2021-05-03
2021-0036,2021-05-09,Conductor,Moto,Masculino,36,2021-05-09
2021-0037,2021-05-11,Peaton,Peaton,Femenino,58,2021-05-11
2021-0038,2021-05-14,Conductor,Moto,Femenino,44,2021-05-14
2021-0039,2021-05-15,Ciclista,Bicicleta,Masculino,86,2021-06-05
2021-0040,2021-05-20,Conductor,Moto,Masculino,27,2021-05-20
2021-0041,2021-05-20,Peaton,Peaton,Masculino,75,2021-05-20
2021-0042,2021-05-21,Peaton,Peaton,Masculino,39,2021-05-21
2021-0043,2021-05-22,Peaton,Peaton,Masculino,50,2021-05-22
2021-0044,2021-05-25,Pasajero_Acompañante,Moto,Masculino,21,2021-05-25
2021-0045,2021-05-26,Conductor,Moto,Masculino,22,2021-05-26
2021-0046,2021-05-31,Pasajero_Acompañante,Auto,Masculino,20,2021-05-31
2021-0047,2021-06-02,Conductor,Moto,Masculino,59,2021-06-02
2021-0048,2021-06-03,Ciclista,Bicicleta,Masculino,44,2021-06-23
2021-0049,2021-06-03,Conductor,Auto,Masculino,74,2021-06-03
2021-0050,2021-06-10,Conductor,Moto,Masculino,56,2021-06-10
2021-0051,2021-06-15,Peaton,Peaton,Masculino,73,2021-06-16
2021-0052,2021-06-20,Pasajero_Acompañante,Moto,Femenino,19,2021-06-20
2021-0053,2021-06-20,Peaton,Peaton,Masculino,58,2021-06-30
2021-0054,2021-06-22,Conductor,Moto,Masculino,41,2021-06-22
2021-0055,2021-06-29,Pasajero_Acompañante,Moto,Masculino,47,2021-06-29
2021-0056,2021-07-09,Ciclista,Bicicleta,Masculino,60,2021-07-09
2021-0057,2021-07-10,Conductor,Auto,Masculino,46,2021-07-10
2021-0058,2021-07-21,Peaton,Peaton,Masculino,24,2021-07-21
2021-0059,2021-07-22,Pasajero_Acompañante,Auto,Femenino,44,2021-07-22
2021-0060,2021-07-22,Peaton,Peaton,Femenino,80,2021-07-22
2021-0061,2021-07-24,Peaton,Peaton,Femenino,55,2021-07-24
2021-0062,2021-07-27,Conductor,Auto,Masculino,73,2021-07-27
2021-0063,2021-08-02,Pasajero_Acompañante,Auto,Femenino,31,2021-08-02
2021-0064,2021-08-02,Peaton,Peaton,Masculino,37,2021-08-03
2021-0065,2021-08-06,Peaton,Peaton,Femenino,63,2021-08-10
2021-0066,2021-08-06,Peaton,Peaton,Masculino,59,2021-08-09
2021-0067,2021-08-08,Conductor,Moto,Masculino,27,2021-08-08
2021-0068,2021-08-15,Conductor,Moto,Masculino,39,2021-08-15
2021-0069,2021-08-20,Peaton,Peaton,Masculino,17,2021-08-21
2021-0070,2021-08-28,Conductor,Moto,Masculino,31,2021-08-28
2021-0071,2021-08-31,Peaton,Peaton,Masculino,88,2021-09-01
2021-0072,2021-09-01,Peaton,Peaton,Femenino,57,2021-09-01
2021-0073,2021-09-18,Ciclista,Bicicleta,Femenino,76,2021-09-18
2021-0074,2021-09-20,Conductor,Moto,Masculino,55,2021-09-20
2021-0075,2021-09-21,Peaton,Peaton,Masculino,65,2021-09-21
2021-0076,2021-10-16,Conductor,Moto,Masculino,31,2021-10-16
2021-0077,2021-10-18,Conductor,Moto,Femenino,31,2021-10-18
2021-0078,2021-10-23,Conductor,Moto,Masculino,22,2021-10-23
2021-0079,2021-10-25,Peaton,Peaton,Masculino,SD,2021-10-25
2021-0080,2021-10-28,Conductor,Moto,Masculino,32,2021-10-28
2021-0081,2021-11-02,Conductor,Moto,Masculino,26,2021-11-02
2021-0082,2021-11-06,Conductor,Moto,Masculino,38,2021-11-06
2021-0083,2021-11-09,Conductor,Moto,Masculino,30,2021-11-09
2021-0084,2021-11-11,Conductor,Auto,Masculino,32,2021-11-11
2021-0097,2021-11-18,Ciclista,Bicicleta,Masculino,53,2021-11-19
2021-0085,2021-11-20,Conductor,Moto,Masculino,49,2021-11-20
2021-0086,2021-11-25,Peaton,Peaton,Masculino,75,2021-11-25
2021-0087,2021-11-27,Peaton,Peaton,Femenino,73,2021-11-27
2021-0088,2021-12-01,Conductor,Moto,Masculino,45,2021-12-07
2021-0089,2021-12-02,Conductor,Moto,Masculino,41,2021-12-11
2021-0090,2021-12-10,Peaton,Peaton,Masculino,73,2022-01-03
2021-0091,2021-12-11,Conductor,Moto,Masculino,24,2021-12-11
2021-0092,2021-12-12,Peaton,Peaton,Femenino,50,2021-12-12
2021-0093,2021-12-13,Pasajero_Acompañante,Moto,Femenino,18,2021-12-18
2021-0094,2021-12-20,Pasajero_Acompañante,Moto,Femenino,43,2021-12-20
2021-0095,2021-12-30,Conductor,Moto,Masculino,27,2022-01-02
2021-0096,2021-12-15,Conductor,Auto,Masculino,60,2021-12-20
